A Morte é uma Farsa;VIDA APÓS A VIDA: AS PROVAS AUMENTAM - A morte é uma farsa - Aula 1- Prof. Jorge Melchiades;https://www.youtube.com/watch?v=HsDsgTkmqg8;2934
A Morte é uma Farsa;QUEM MORRE? - Aula 2 da Morte é uma farsa - Prof. Jorge Melchiades;https://www.youtube.com/watch?v=VTrtI5QLtYE;2223
A Morte é uma Farsa;Quem disse que o seu destino é morrer? - Aula 3 da Morte é uma farsa - Prof. Jorge Melchiades;https://www.youtube.com/watch?v=nalZFQcQBNU;2521
A Morte é uma Farsa;NÃO MORRA! SEJA ESPERTO!  - Aula 4 da Morte é uma farsa - Prof. Jorge Melchiades;https://www.youtube.com/watch?v=2hKITEF1yYk;5596
A Morte é uma Farsa;CIÊNCIA  E VIDA  APÓS  A  VIDA  -  Prof. Jorge Melchiades;https://www.youtube.com/watch?v=tXe6JSwJ0zM;2756
Aulas do Prof. Jorge Melchiades;Freud e Id, Ego e Superego - Palestra do Prof. Jorge Melchíades Carvalho Filho;https://www.youtube.com/watch?v=Lx7y4emORko;602
Aulas do Prof. Jorge Melchiades;Histeria, Freud e Catarse - Palestra do Prof. Jorge Melchiades Carvalho Filho;https://www.youtube.com/watch?v=MYWNxEWJXFI;522
Aulas do Prof. Jorge Melchiades;Filosofia, Psicologia e Mentira -1/4 - Palestra de Psicologia Racional - Prof. Jorge Melchiades;https://www.youtube.com/watch?v=wvDQvt61AdA;575
Aulas do Prof. Jorge Melchiades;Complexo de Édipo / Regressão / Fixação - Autogestão e Razão 5 - Prof. Jorge Melchiades;https://www.youtube.com/watch?v=zK6HtCmhaVk;496
Aulas do Prof. Jorge Melchiades;Conhecendo a si mesmo 1/5 - Prof. Jorge Melchiades Carvalho Filho;https://www.youtube.com/watch?v=6SUnsbHkgdM;591
Aulas do Prof. Jorge Melchiades;Filosofia, Psicologia e Verdade 1/6 - Prof. Jorge Melchiades;https://www.youtube.com/watch?v=b4n16T6EdBM;586
Aulas do Prof. Jorge Melchiades;Freud, Instinto e Fase Oral - Prof. Jorge Melchiades Carvalho Filho;https://www.youtube.com/watch?v=JVNMP7k4-QI;818
Aulas do Prof. Jorge Melchiades;Freud, Complexo de Édipo e regressão na autocracia - Prof. Jorge Melchiades Carvalho Filho;https://www.youtube.com/watch?v=TNiKIhbiXg8;3171
Aulas do Prof. Jorge Melchiades;Hipnose, Freud e Catarse - Palestra do Prof. Jorge Melchiades Carvalho Filho;https://www.youtube.com/watch?v=5BKvRUFN4ss;626
Aulas do Prof. Jorge Melchiades;Aristóteles, Freud e Catarse - Palestra do Prof. Jorge Melchiades Carvalho Filho;https://www.youtube.com/watch?v=f3ejajL6CE4;503
Aulas do Prof. Jorge Melchiades;Filosofia, Psicologia e Mentira - 2/4 -  Palestra de Psicologia Racional - Prof. Jorge Melchiades;https://www.youtube.com/watch?v=lqi91f5erHE;598
Aulas do Prof. Jorge Melchiades;Filosofia, Semiótica e Poder 1/5 - Prof. Jorge Melchiades Carvalho Filho;https://www.youtube.com/watch?v=hSPmQNAyzWc;601
Aulas do Prof. Jorge Melchiades;Filosofia, Psicologia e Mentira -3/4 - Palestra de Psicologia Racional - Prof Jorge Melchiades;https://www.youtube.com/watch?v=_VJPLK8wXXs;599
Aulas do Prof. Jorge Melchiades;Conhecendo a si mesmo 2/5 - Palestra do Prof. Jorge Melchiades;https://www.youtube.com/watch?v=4AJ3rq3NC5s;540
Aulas do Prof. Jorge Melchiades;Liderança 1 e Consciência - Palestra de Psicologia do Prof. Jorge Melchiades Carvalho Filho;https://www.youtube.com/watch?v=2Ol-DcEhsRg;644
Aulas do Prof. Jorge Melchiades;Frigidez Sexual e Trauma - Prof. Jorge Melchiades Carvalho Filho;https://www.youtube.com/watch?v=zMO8JZ1YG9c;1346
Aulas do Prof. Jorge Melchiades;Conhecendo a si mesmo 5/5 -  Prof. Jorge Melchiades  - Psicologia Racional;https://www.youtube.com/watch?v=9Ht85lOPyHw;315
Aulas do Prof. Jorge Melchiades;Filosofia, Semiótica e Poder 3/5 - Prof. Jorge Melchiades Carvalho Filho;https://www.youtube.com/watch?v=MHq52DQpQbc;598
Aulas do Prof. Jorge Melchiades;Filosofia, Psicologia e Mentira -4/4 - Palestra de Psicologia Racional - Prof. Jorge Melchiades;https://www.youtube.com/watch?v=vgO6b-lR8Oc;601
Aulas do Prof. Jorge Melchiades;Conhecendo a si mesmo 3/5 - Prof. Jorge Melchiades Carvalho Filho;https://www.youtube.com/watch?v=-yKJsxpPDQw;556
Aulas do Prof. Jorge Melchiades;Filosofia, Psicologia e Verdade 2/6 - Prof. Jorge Melchiades Carvalho Filho;https://www.youtube.com/watch?v=apZzLQP_5RM;598
Aulas do Prof. Jorge Melchiades;Filosofia, Semiótica e Poder 2/5 - Prof. Jorge Melchiades Carvalho Filho;https://www.youtube.com/watch?v=p00lsUV0GvM;600
Aulas do Prof. Jorge Melchiades;Conhecendo a si mesmo 4/5 - Prof. Jorge Melchiades Carvalho F.;https://www.youtube.com/watch?v=Bs_fPZMYOj0;576
Aulas do Prof. Jorge Melchiades;Autogestão e Razão 1 - Prof. Jorge Melchiades Carvalho Filho;https://www.youtube.com/watch?v=WAJmZI8HvSE;620
Aulas do Prof. Jorge Melchiades;Filosofia, Semiótica e Poder 5/5 - Prof. Jorge Melchiades Carvalho Filho;https://www.youtube.com/watch?v=EYtW8PYqPMw;600
Aulas do Prof. Jorge Melchiades;Deus e o Idiota - Aula Prof. Jorge Melchiades Carvalho Filho;https://www.youtube.com/watch?v=bG1M5ibrHRY;2575
Aulas do Prof. Jorge Melchiades;Mentira, Linguagem e Poder- Prof. Jorge Melchiades Carvalho Filho;https://www.youtube.com/watch?v=oQ_e3VdAzSE;2941
Aulas do Prof. Jorge Melchiades;Conhecimento Vulgar - Prof. Jorge Melchiades Carvalho Filho;https://www.youtube.com/watch?v=7ItIEvD7Y6c;1705
Aulas do Prof. Jorge Melchiades;Freud, libido, prazer e personalidade - prof. Jorge Melchiades Carvalho Filho;https://www.youtube.com/watch?v=k9jNEDRLjyU;3027
Aulas do Prof. Jorge Melchiades;1 - Quem sou? - Prof. Jorge Melchiades Carvalho Filho;https://www.youtube.com/watch?v=mR3rWq09wmo;3417
Aulas do Prof. Jorge Melchiades;2 - O Valor que me dou - Prof. Jorge Melchiades Carvalho Filho;https://www.youtube.com/watch?v=KCRUp33nmaY;3259
Aulas do Prof. Jorge Melchiades;Nossa Posição na Existência - Prof. Jorge Melchiades;https://www.youtube.com/watch?v=q4M0y0pYGGc;3048
Aulas do Prof. Jorge Melchiades;CONSCIÊNCIA - A Luz que Deflora Trevas - Prof. Jorge Melchiades;https://www.youtube.com/watch?v=Z_4_Fz9m64Y;3155
Aulas do Prof. Jorge Melchiades;Memória Desgraçada - Como Somos 26 - Prof. Jorge Melchiades;https://www.youtube.com/watch?v=wWmSMBkVRDI;2703
Aulas do Prof. Jorge Melchiades;FREUD e a Nossa Posição - Prof. Jorge Melchiades;https://www.youtube.com/watch?v=inrrr3pQT1I;3015
Aulas do Prof. Jorge Melchiades;"""VERDADE? QUE HORROR!"" - Como Somos 28 - Prof. Jorge Melchiades";https://www.youtube.com/watch?v=1hE-oJtSfeE;3058
Aulas do Prof. Jorge Melchiades;A Alienação Ideológica da Razão - Prof. Jorge Melchiades;https://www.youtube.com/watch?v=p2BOM2EO2pM;3052
Aulas do Prof. Jorge Melchiades;Cristão Marxista, Pode? - Prof. Jorge Melchiades;https://www.youtube.com/watch?v=a_6icD2SOzA;2629
Aulas do Prof. Jorge Melchiades;Como lidar com o mal-intencionado - Prof. Jorge Melchiades;https://www.youtube.com/watch?v=NCAMDqd0rQ8;3074
Aulas do Prof. Jorge Melchiades;Jesus existiu? - Curso  de Psicologia Racional - Prof. Jorge Melchiades;https://www.youtube.com/watch?v=eptoF4IZmJw;2331
Aulas do Prof. Jorge Melchiades;O Eu e o Condicionamento Operante - Curso  de Psicologia Racional - Prof. Jorge Melchiades;https://www.youtube.com/watch?v=SG1GlnibhzU;2436
Aulas do Prof. Jorge Melchiades;O Eu e a Ordem Mestra  - Curso  de Psicologia Racional por Conceitos - Prof. Jorge Melchiades;https://www.youtube.com/watch?v=S84GQMwlnsc;2309
Aulas do Prof. Jorge Melchiades;Os 2 primeiros princípios da Psicologia Racional - Prof. Jorge Melchiades;https://www.youtube.com/watch?v=kw1aLetuRM8;788
Aulas do Prof. Jorge Melchiades;A Experiência de Evoluir - Prof. Jorge Melchiades;https://www.youtube.com/watch?v=auhaPt8kc9s;1060
Aulas do Prof. Jorge Melchiades;Curso de Psicologia Racional por Conceitos 4 - Prof. Jorge Melchiades;https://www.youtube.com/watch?v=07BIZNG4GfE;1184
Aulas do Prof. Jorge Melchiades;Curso de Psicologia Racional por Conceitos 5 - Prof. Jorge Melchiades;https://www.youtube.com/watch?v=-M4gufPI54w;1180
Aulas do Prof. Jorge Melchiades;Curso de Psicologia Racional por Conceitos 6 - Prof. Jorge Melchiades;https://www.youtube.com/watch?v=LW9zIISCDRU;1246
Aulas do Prof. Jorge Melchiades;Curso de Psicologia Racional por Conceitos 7 - Prof. Jorge Melchiades;https://www.youtube.com/watch?v=iA8T0afzF_w;1530
Aulas do Prof. Jorge Melchiades;Tipos de Conhecimento - Curso de Psicologia Racional por Conceitos - Prof. Jorge Melchiades;https://www.youtube.com/watch?v=XDsAxv_Vy3o;1332
Aulas do Prof. Jorge Melchiades;Motivação - Curso  de Psicologia Racional por Conceitos - Prof. Jorge Melchiades;https://www.youtube.com/watch?v=jedDRPcHKQM;2307
Aulas do Prof. Jorge Melchiades;Valores - Curso  de Psicologia Racional por Conceitos - Prof. Jorge Melchiades;https://www.youtube.com/watch?v=sOiOLe4pylI;2641
Aulas do Prof. Jorge Melchiades;Níveis de Inteligência - Curso  de Psicologia Racional por Conceitos - Prof. Jorge Melchiades;https://www.youtube.com/watch?v=rqOHn-UjbsU;2727
Aulas do Prof. Jorge Melchiades;Epistemologia e Valorização das coisas - Curso  de Psicologia Racional - Prof. Jorge Melchiades;https://www.youtube.com/watch?v=1YJ1kjqA-D8;2371
Aulas do Prof. Jorge Melchiades;Comunicação e Desinformação  - Curso  de Psicologia Racional por Conceitos - Prof. Jorge Melchiades;https://www.youtube.com/watch?v=95vcSEpg-Ow;2388
Aulas do Prof. Jorge Melchiades;O Eu e a Matéria  - Curso  de Psicologia Racional por Conceitos - Prof. Jorge Melchiades;https://www.youtube.com/watch?v=nV7aPNccZ4s;1590
Aulas do Prof. Jorge Melchiades;O Eu e a Liberdade  - Curso  de Psicologia Racional por Conceitos - Prof. Jorge Melchiades;https://www.youtube.com/watch?v=_yHM7hh5gbw;2716
Aulas do Prof. Jorge Melchiades;O Eu e a Fobia  - Curso  de Psicologia Racional por Conceitos - Prof. Jorge Melchiades;https://www.youtube.com/watch?v=_3Rk5N66KuU;2557
Aulas do Prof. Jorge Melchiades;A Evolução da Inteligência - Curso  de Psicologia Racional por Conceitos - Prof. Jorge Melchiades;https://www.youtube.com/watch?v=k1Ze9IFKV40;2931
Aulas do Prof. Jorge Melchiades;DEFESAS DA PERSONALIDADE no tema JESUS EXISTIU? - Prof. Jorge Melchiades;https://www.youtube.com/watch?v=uzqxdqKpBXk;2537
Aulas do Prof. Jorge Melchiades;JESUS SÓ EXISTIU NA CABEÇA DOS CRENTES?  - Curso de Psicologia Racional - Prof. Jorge Melchiades;https://www.youtube.com/watch?v=0ncDJXOE2p8;2327
Aulas do Prof. Jorge Melchiades;TODO CRENTE SABE SE JESUS EXISTIU OU NÃO - Curso de Psicologia Racional - Prof. Jorge Melchiades;https://www.youtube.com/watch?v=LlrsomZMKek;2382
Aulas do Prof. Jorge Melchiades;Onde Procurar Jesus? -- Curso de Psicologia Racional - Prof. Jorge Melchiades;https://www.youtube.com/watch?v=6mnC-ASYn1c;2506
Aulas do Prof. Jorge Melchiades;O Crente que é Racional -- Curso de Psicologia Racional - Prof. Jorge Melchiades;https://www.youtube.com/watch?v=0exXaZbPAqc;2514
Aulas do Prof. Jorge Melchiades;A Ambivalente Dependência -- Curso de Psicologia Racional - Prof. Jorge Melchiades;https://www.youtube.com/watch?v=pi4yHpS8Lp4;2334
Aulas do Prof. Jorge Melchiades;A Ambivalência -- Curso de Psicologia Racional - Prof. Jorge Melchiades;https://www.youtube.com/watch?v=t_pAsi0LaoU;2499
Aulas do Prof. Jorge Melchiades;O Complexo de Édipo e o Crente Revolucionário- Curso de Psicologia Racional - Prof. Jorge Melchiades;https://www.youtube.com/watch?v=uqH5x1haqqc;2358
Aulas do Prof. Jorge Melchiades;Jesus é Deus??? - Curso de Psicologia Racional - Prof. Jorge Melchiades;https://www.youtube.com/watch?v=nN0H1mmiYfQ;2287
Aulas do Prof. Jorge Melchiades;Religiosidade e Poder - Curso de Psicologia Racional - Prof. Jorge Melchiades;https://www.youtube.com/watch?v=x8L2a45lrwU;2335
Aulas do Prof. Jorge Melchiades;Religiosidade e Religião - Curso de Psicologia Racional - Prof. Jorge Melchiades;https://www.youtube.com/watch?v=Vax9bGSJWho;2395
Aulas do Prof. Jorge Melchiades;Nós, Religiosidade, Política e Ciência -Curso de Psicologia Racional - Prof. Jorge Melchiades;https://www.youtube.com/watch?v=AOULMagV-jk;2477
Aulas do Prof. Jorge Melchiades;Compensação,  Política e Consciência -Curso de Psicologia Racional - Prof. Jorge Melchiades;https://www.youtube.com/watch?v=wPqt1PLsSXc;2590
Aulas do Prof. Jorge Melchiades;Jesus Homem e Verdade  -Curso de Psicologia Racional - Prof. Jorge Melchiades;https://www.youtube.com/watch?v=TPRATbFElCk;2286
Aulas do Prof. Jorge Melchiades;Os ignorantes de si, o ódio e Jesus  - Curso de Psicologia Racional - Prof. Jorge Melchiades;https://www.youtube.com/watch?v=e2G3c9Bzky4;2181
Aulas do Prof. Jorge Melchiades;Jesus, um refém do poder ideológico  - Curso de Psicologia Racional - Prof. Jorge Melchiades;https://www.youtube.com/watch?v=49sxEW9YyCE;2238
Aulas do Prof. Jorge Melchiades;A Vida Falsa de Jesus  - Curso de Psicologia Racional - Prof. Jorge Melchiades;https://www.youtube.com/watch?v=NaOxDblmeak;2535
Aulas do Prof. Jorge Melchiades;O alienado de Jesus não crê nele - Curso de Psicologia Racional - Prof. Jorge Melchiades;https://www.youtube.com/watch?v=iBFMdRqWNSg;2634
Aulas do Prof. Jorge Melchiades;O sistema inteligente de Jesus  - Curso de Psicologia Racional - Prof. Jorge Melchiades;https://www.youtube.com/watch?v=xufd4kwWRyE;2356
Aulas do Prof. Jorge Melchiades;O que tanto tenta os crentes no deserto das  aflições? - Curso de Psicologia Racional - Prof. Jorge;https://www.youtube.com/watch?v=9HAu6s_pjz4;2360
Aulas do Prof. Jorge Melchiades;Quem vence a luta metafísica entre diabo e espírito?  - Curso de Psicologia Racional - Prof. Jorge;https://www.youtube.com/watch?v=JgWKvGSoaOM;2493
Aulas do Prof. Jorge Melchiades;Foi Deus que criou o diabo e o espírito?  - Curso de Psicologia Racional - Prof. Jorge;https://www.youtube.com/watch?v=bRFOSVkCP9Y;2474
Aulas do Prof. Jorge Melchiades;Que espírito ou diabo manda em Jesus?  - Curso de Psicologia Racional - Prof. Jorge;https://www.youtube.com/watch?v=eA4maqBuAQE;2660
Aulas do Prof. Jorge Melchiades;COMO É O HOMEM JESUS?    - Curso de Psicologia Racional - Prof. Jorge;https://www.youtube.com/watch?v=R1zr7kdED7w;2466
Aulas do Prof. Jorge Melchiades;Como você percebe a existência de Jesus?    - Curso de Psicologia Racional - Prof. Jorge;https://www.youtube.com/watch?v=WlC_relYgkc;2278
Aulas do Prof. Jorge Melchiades;Como Mateus percebeu Jesus?    - Curso de Psicologia Racional - Prof. Jorge;https://www.youtube.com/watch?v=yT-0nLPZHbM;2403
Aulas do Prof. Jorge Melchiades;No Sonho de Mateus com Jesus - Curso de Psicologia Racional - Prof. Jorge Melchiades;https://www.youtube.com/watch?v=KCq-50yN9iY;2582
Aulas do Prof. Jorge Melchiades;Jesus não come o pão que o diabo amassou - Curso de Psicologia Racional - Prof. Jorge Melchiades;https://www.youtube.com/watch?v=0qjuJ6szuhA;2597
Aulas do Prof. Jorge Melchiades;O diabo usa poder político para o bem? - Curso de Psicologia Racional - Prof. Jorge Melchiades;https://www.youtube.com/watch?v=vWrZN7BaxVE;2574
Aulas do Prof. Jorge Melchiades;Jesus frente ao mal e ao bem safado - Curso de Psicologia Racional - Prof. Jorge Melchiades;https://www.youtube.com/watch?v=1HPzkkISl1Y;2843
Aulas do Prof. Jorge Melchiades;Jesus errou também? - Curso de Psicologia Racional - Prof. Jorge Melchiades;https://www.youtube.com/watch?v=qv_mOXAraWI;2388
Aulas do Prof. Jorge Melchiades;A boa nova de Jesus é ética? - Curso de Psicologia Racional - Prof. Jorge Melchiades;https://www.youtube.com/watch?v=1kh_sw6z3zg;2778
Aulas do Prof. Jorge Melchiades;Jesus foi crucificado por divulgar fake news? - Curso de Psicologia Racional- Prof. Jorge Melchiades;https://www.youtube.com/watch?v=kKJLnu-tsDM;2577
Aulas do Prof. Jorge Melchiades;A verdade de Jesus ao Pilatos de hoje - Curso de Psicologia Racional- Prof. Jorge Melchiades;https://www.youtube.com/watch?v=EdHTgehsma0;2667
Aulas do Prof. Jorge Melchiades;JESUS DEFENDIA QUAL VERDADE? - Curso de Psicologia Racional- Prof. Jorge Melchiades;https://www.youtube.com/watch?v=9jGm_cVdBH8;2719
Aulas do Prof. Jorge Melchiades;Sobre Jesus Homem e Deus - Prof. Jorge Melchiades;https://www.youtube.com/watch?v=rHDEIX8q1BI;2340
Aulas do Prof. Jorge Melchiades;SOBRE JESUS HOMEM E DEUS  2 - Curso de Psicologia Racional- Prof. Jorge Melchiades;https://www.youtube.com/watch?v=SPv1mFgomFw;2580
Aulas do Prof. Jorge Melchiades;A CULPA DE NÃO SER COMO JESUS - Curso de Psicologia Racional- Prof. Jorge Melchiades;https://www.youtube.com/watch?v=Oqm5Mwk2qjM;2493
Aulas do Prof. Jorge Melchiades;O FINALISMO DE JESUS - Curso de Psicologia Racional- Prof. Jorge Melchiades;https://www.youtube.com/watch?v=DfRZA-H_p70;2587
Aulas do Prof. Jorge Melchiades;Jesus é Deus mesmo?  - Curso de Psicologia Racional- Prof. Jorge Melchiades;https://www.youtube.com/watch?v=7tKE5HpaSDY;2562
Aulas do Prof. Jorge Melchiades;Jesus foi de sistema?  - Curso de Psicologia Racional- Prof. Jorge Melchiades;https://www.youtube.com/watch?v=7E4Sn4h1NYk;2478
Aulas do Prof. Jorge Melchiades;JESUS E O CABEÇA DE PULA-PULA   - Curso de Psicologia Racional- Prof. Jorge Melchiades;https://www.youtube.com/watch?v=qwfFtKJe33o;2701
Aulas do Prof. Jorge Melchiades;JESUS E OS SINAIS   - Curso de Psicologia Racional- Prof. Jorge Melchiades;https://www.youtube.com/watch?v=8u1_I1dVk5c;2372
Aulas do Prof. Jorge Melchiades;Jesus, Verdade e Milagres   - Curso de Psicologia Racional- Prof. Jorge Melchiades;https://www.youtube.com/watch?v=fYnqeLRx2A4;2656
Aulas do Prof. Jorge Melchiades;Jesus e o crente que é cavalo   - Curso de Psicologia Racional- Prof. Jorge Melchiades;https://www.youtube.com/watch?v=2qAh-YATImo;2537
Aulas do Prof. Jorge Melchiades;Direito de Expressão, Eu, Nós e Jesus   - Curso de Psicologia Racional- Prof. Jorge Melchiades;https://www.youtube.com/watch?v=r5CoVgJWb6g;2711
Aulas do Prof. Jorge Melchiades;MAIS PROVAS DE QUE A MORTE É UMA MENTIRA   -  Psicologia Racional- Prof. Jorge Melchiades;https://www.youtube.com/watch?v=vduwdCitJbE;2559
Aulas do Prof. Jorge Melchiades;Jesus ainda está proibido da livre expressão?    -   Psicologia Racional- Prof. Jorge Melchiades;https://www.youtube.com/watch?v=YG_SdaGfQXw;2387
Aulas do Prof. Jorge Melchiades;Jesus e a Alma Penada    -   Psicologia Racional- Prof. Jorge Melchiades;https://www.youtube.com/watch?v=LkgSnjGgfyY;2384
Aulas do Prof. Jorge Melchiades;Alma, Fantasma,  Jesus e Nós    -   Psicologia Racional- Prof. Jorge Melchiades;https://www.youtube.com/watch?v=bMBJbG2qqVo;2697
Aulas do Prof. Jorge Melchiades;Alma, Justiça e Jesus    -   Psicologia Racional- Prof. Jorge Melchiades;https://www.youtube.com/watch?v=GFQ7rK3LeuQ;2766
Aulas do Prof. Jorge Melchiades;Jesus hipnotizou os discípulos?      -   Psicologia Racional- Prof. Jorge Melchiades;https://www.youtube.com/watch?v=pu0LJ4dvdL0;2641
Aulas do Prof. Jorge Melchiades;Freud, Jesus e o fantasma      -   Psicologia Racional- Prof. Jorge Melchiades;https://www.youtube.com/watch?v=t7EkW6ab75o;2817
Aulas do Prof. Jorge Melchiades;Grupo comenta OS DOIS PRIMEIROS PRINCÍPIOS      -   Psicologia Racional- Prof. Jorge Melchiades;https://www.youtube.com/watch?v=oE0i6kvCeQs;3930
Aulas do Prof. Jorge Melchiades;Jesus e o fantasma de Hamlet      -   Psicologia Racional- Prof. Jorge Melchiades;https://www.youtube.com/watch?v=CX7J_tH8TU0;2528
Aulas do Prof. Jorge Melchiades;Jesus foi Malandro?   -   Psicologia Racional- Prof. Jorge Melchiades;https://www.youtube.com/watch?v=dDsoP02w0KM;2963
Aulas do Prof. Jorge Melchiades;Os dois primeiros princípios   -   Psicologia Racional- Prof. Jorge Melchiades;https://www.youtube.com/watch?v=P-_TFl9P_hw;5431
Aulas do Prof. Jorge Melchiades;A PROVA DA EXISTÊNCIA DE JESUS   -   Psicologia Racional- Prof. Jorge Melchiades;https://www.youtube.com/watch?v=4xaboGLJgys;2695
Aulas do Prof. Jorge Melchiades;Grupo comenta A EXPERIÊNCIA DE EVOLUIR   -   Psicologia Racional- Prof. Jorge Melchiades;https://www.youtube.com/watch?v=-Zs3661hth0;4151
Aulas do Prof. Jorge Melchiades;Vocabulário Simplificado da  Psicologia Racional 2- Prof. Jorge Melchiades;https://www.youtube.com/watch?v=5jt4HgKNBcI;1873
Aulas do Prof. Jorge Melchiades;Vocabulário Simplificado da  Psicologia Racional 3- Prof. Jorge Melchiades;https://www.youtube.com/watch?v=PfWqNjaxeYs;2261
Aulas do Prof. Jorge Melchiades;[Private video];https://www.youtube.com/watch?v=N_fxS_KdjAI;
Aulas do Prof. Jorge Melchiades;JESUS FOI UM CORDEIRO ARMADO? - Curso de Psicologia Racional -  Prof. Jorge Melchiades;https://www.youtube.com/watch?v=rKmMZPV_aE4;2460
Aulas do Prof. Jorge Melchiades;[Private video];https://www.youtube.com/watch?v=4idKPqix5Pg;
Aulas do Prof. Jorge Melchiades;Autogestão e Razão 2 - Grupo comenta aula de Psicologia Racional -  Prof. Jorge Melchiades;https://www.youtube.com/watch?v=RJGgPlUmI-U;5128
Aulas do Prof. Jorge Melchiades;Vocabulário  da  Psicologia Racional 4- Prof. Jorge Melchiades;https://www.youtube.com/watch?v=XsRWnoXfd_4;2715
Aulas do Prof. Jorge Melchiades;A ÉTICA DO JESUS ARMADO - Curso de Psicologia Racional -  Prof. Jorge Melchiades;https://www.youtube.com/watch?v=ZRVoXfP6Fmc;2599
Aulas do Prof. Jorge Melchiades;Vocabulário  da  Psicologia Racional 5 - Prof. Jorge Melchiades;https://www.youtube.com/watch?v=R71QNU49AK0;2901
Aulas do Prof. Jorge Melchiades;Vocabulário  da  Psicologia Racional 6 - Associação de ideias  e Verdade -  Prof. Jorge Melchiades;https://www.youtube.com/watch?v=F7acL_thgo4;2674
Aulas do Prof. Jorge Melchiades;Vocabulário  da  Psicologia Racional 7 - Mentiras e Verdades -  Prof. Jorge Melchiades;https://www.youtube.com/watch?v=zmL-ygtP7vQ;3035
Aulas do Prof. Jorge Melchiades;O Mentiroso, Jesus e a Justiça   -   Psicologia Racional- Prof. Jorge Melchiades;https://www.youtube.com/watch?v=BwqMXbrtKko;2586
Aulas do Prof. Jorge Melchiades;Otário Acredita no Mentiroso, Jesus Não!    -   Psicologia Racional- Prof. Jorge Melchiades;https://www.youtube.com/watch?v=tt8bUG9K6DA;2471
Aulas do Prof. Jorge Melchiades;PLATÃO E JESUS NÃO FORAM OTÁRIOS!    -   Psicologia Racional- Prof. Jorge Melchiades;https://www.youtube.com/watch?v=Mg0yRb8r6rc;2701
Aulas do Prof. Jorge Melchiades;Vocabulário  da  Psicologia Racional 8 - Prof. Jorge Melchiades;https://www.youtube.com/watch?v=uBXrt9OQT6E;3008
Aulas do Prof. Jorge Melchiades;Jesus, Platão, a verdade e o otário    -   Psicologia Racional- Prof. Jorge Melchiades;https://www.youtube.com/watch?v=75l4W35WBsY;2658
Aulas do Prof. Jorge Melchiades;Vocabulário  da  Psicologia Racional 9 - Prof. Jorge Melchiades;https://www.youtube.com/watch?v=P8ZNg5NE4-8;2957
Aulas do Prof. Jorge Melchiades;A RAZÃO É TERAPÊUTICA - Psicologia Racional e Transcendente 1- Prof. Jorge Melchiades;https://www.youtube.com/watch?v=4K6wYLcGm7c;2736
Aulas do Prof. Jorge Melchiades;Jesus, Platão, Verdade e Justiça    -   Psicologia Racional- Prof. Jorge Melchiades;https://www.youtube.com/watch?v=KA1sH-3i71c;2660
Aulas do Prof. Jorge Melchiades;VIDA APÓS A VIDA: AS PROVAS AUMENTAM - A morte é uma farsa - Aula 1- Prof. Jorge Melchiades;https://www.youtube.com/watch?v=HsDsgTkmqg8;2934
Aulas do Prof. Jorge Melchiades;QUEM MORRE? - Aula 2 da Morte é uma farsa - Prof. Jorge Melchiades;https://www.youtube.com/watch?v=VTrtI5QLtYE;2223
Aulas do Prof. Jorge Melchiades;PLATÃO, JESUS E A TRAIÇÃO    -   Psicologia Racional- Prof. Jorge Melchiades;https://www.youtube.com/watch?v=yk8NmHifMJ0;2662
Aulas do Prof. Jorge Melchiades;PLATÃO, JESUS E O MUNDO DAS IDEIAS     -   Psicologia Racional- Prof. Jorge Melchiades;https://www.youtube.com/watch?v=Qa9wCkno1ag;2769
Aulas do Prof. Jorge Melchiades;Quem disse que o seu destino é morrer? - Aula 3 da Morte é uma farsa - Prof. Jorge Melchiades;https://www.youtube.com/watch?v=nalZFQcQBNU;2521
Aulas do Prof. Jorge Melchiades;RAZÃO TERAPÊUTICA E O ANJO MORCEGO - Psicologia Racional e Transcendente 2- Prof. Jorge Melchiades;https://www.youtube.com/watch?v=I-mnmUuH0Sk;2361
Aulas do Prof. Jorge Melchiades;NÃO MORRA! SEJA ESPERTO!  - Aula 4 da Morte é uma farsa - Prof. Jorge Melchiades;https://www.youtube.com/watch?v=2hKITEF1yYk;5596
Aulas do Prof. Jorge Melchiades;PLATÃO, JESUS E PRECONCEITO     -   Psicologia Racional- Prof. Jorge Melchiades;https://www.youtube.com/watch?v=q3UbvRi-lpI;2778
Aulas do Prof. Jorge Melchiades;EMPIRISMO no Vocabulário  10 da  Psicologia Racional - Prof. Jorge Melchiades;https://www.youtube.com/watch?v=Np4Mql53OqM;2717
Aulas do Prof. Jorge Melchiades;CIÊNCIA  E VIDA  APÓS  A  VIDA  -  Prof. Jorge Melchiades;https://www.youtube.com/watch?v=tXe6JSwJ0zM;2756
Aulas do Prof. Jorge Melchiades;A ÉTICA E O PARASITA SOCIAL - Psicologia Racional - Prof. Jorge Melchiades;https://www.youtube.com/watch?v=pRy7FSZaQg4;3090
Aulas do Prof. Jorge Melchiades;OS FILHOS DA LUTA SEM ÉTICA  - Psicologia Racional -Prof. Jorge Melchiades;https://www.youtube.com/watch?v=1NR9L7LlNJY;3406
Aulas do Prof. Jorge Melchiades;A REVOLUÇÃO DO FILHO DA LUTA  - Psicologia Racional - Prof. Jorge Melchiades;https://www.youtube.com/watch?v=cAL6tDgATDs;2014
Aulas do Prof. Jorge Melchiades;A REVOLUÇÃO DO FILHO DA LUTA 2  - Psicologia Racional - Prof. Jorge Melchiades;https://www.youtube.com/watch?v=M6QvjLNDLD0;1596
Aulas do Prof. Jorge Melchiades;O DESEJO DO FILHO DA LUTA  - Psicologia Racional - Prof. Jorge Melchiades;https://www.youtube.com/watch?v=2D2yD_TkxsI;1770
Como Somos? - Prof. Jorge Melchiades;Memória Desgraçada - Como Somos 26 - Prof. Jorge Melchiades;https://www.youtube.com/watch?v=wWmSMBkVRDI;2703
Como Somos? - Prof. Jorge Melchiades;Tirando EU das trevas da inconsciência - Como Somos 27 - Prof. Jorge Melchiades;https://www.youtube.com/watch?v=40tPfHzPlVM;2924
Como Somos? - Prof. Jorge Melchiades;VERDADE? QUE HORROR! - Como Somos 28 - Prof. Jorge Melchiades;https://www.youtube.com/watch?v=1hE-oJtSfeE;3058
Conversa Adulta;A Alienação Ideológica da Razão - Prof. Jorge Melchiades;https://www.youtube.com/watch?v=p2BOM2EO2pM;3052
Conversa Adulta;Como lidar com o mal-intencionado - Prof. Jorge Melchiades;https://www.youtube.com/watch?v=NCAMDqd0rQ8;3074
Conversa Adulta;Religiosidade e Religião - Conversa Adulta - Prof. Jorge Melchiades;https://www.youtube.com/watch?v=BmN0yDXtTGo;3434
Curso de Psicologia Racional por Conceitos;Os 2 primeiros princípios da Psicologia Racional - Prof. Jorge Melchiades;https://www.youtube.com/watch?v=kw1aLetuRM8;788
Curso de Psicologia Racional por Conceitos;A Experiência de Evoluir - Prof. Jorge Melchiades;https://www.youtube.com/watch?v=auhaPt8kc9s;1060
Curso de Psicologia Racional por Conceitos;Curso de Psicologia Racional por Conceitos 4 - Prof. Jorge Melchiades;https://www.youtube.com/watch?v=07BIZNG4GfE;1184
Curso de Psicologia Racional por Conceitos;Curso de Psicologia Racional por Conceitos 5 - Prof. Jorge Melchiades;https://www.youtube.com/watch?v=-M4gufPI54w;1180
Curso de Psicologia Racional por Conceitos;Curso de Psicologia Racional por Conceitos 6 - Prof. Jorge Melchiades;https://www.youtube.com/watch?v=LW9zIISCDRU;1246
Curso de Psicologia Racional por Conceitos;Curso de Psicologia Racional por Conceitos 7 - Prof. Jorge Melchiades;https://www.youtube.com/watch?v=iA8T0afzF_w;1530
Curso de Psicologia Racional por Conceitos;Tipos de Conhecimento - Curso de Psicologia Racional por Conceitos - Prof. Jorge Melchiades;https://www.youtube.com/watch?v=XDsAxv_Vy3o;1332
Curso de Psicologia Racional por Conceitos;Motivação - Curso  de Psicologia Racional por Conceitos - Prof. Jorge Melchiades;https://www.youtube.com/watch?v=jedDRPcHKQM;2307
Curso de Psicologia Racional por Conceitos;Valores - Curso  de Psicologia Racional por Conceitos - Prof. Jorge Melchiades;https://www.youtube.com/watch?v=sOiOLe4pylI;2641
Curso de Psicologia Racional por Conceitos;Níveis de Inteligência - Curso  de Psicologia Racional por Conceitos - Prof. Jorge Melchiades;https://www.youtube.com/watch?v=rqOHn-UjbsU;2727
Curso de Psicologia Racional por Conceitos;Epistemologia e Valorização das coisas - Curso  de Psicologia Racional - Prof. Jorge Melchiades;https://www.youtube.com/watch?v=1YJ1kjqA-D8;2371
Curso de Psicologia Racional por Conceitos;Comunicação e Desinformação  - Curso  de Psicologia Racional por Conceitos - Prof. Jorge Melchiades;https://www.youtube.com/watch?v=95vcSEpg-Ow;2388
Curso de Psicologia Racional por Conceitos;O Eu e a Matéria  - Curso  de Psicologia Racional por Conceitos - Prof. Jorge Melchiades;https://www.youtube.com/watch?v=nV7aPNccZ4s;1590
Curso de Psicologia Racional por Conceitos;O Eu e a Liberdade  - Curso  de Psicologia Racional por Conceitos - Prof. Jorge Melchiades;https://www.youtube.com/watch?v=_yHM7hh5gbw;2716
Curso de Psicologia Racional por Conceitos;O Eu e a Fobia  - Curso  de Psicologia Racional por Conceitos - Prof. Jorge Melchiades;https://www.youtube.com/watch?v=_3Rk5N66KuU;2557
Curso de Psicologia Racional por Conceitos;A Evolução da Inteligência - Curso  de Psicologia Racional por Conceitos - Prof. Jorge Melchiades;https://www.youtube.com/watch?v=k1Ze9IFKV40;2931
Curso de Psicologia Racional por Conceitos;O Eu e a Ordem Mestra  - Curso  de Psicologia Racional por Conceitos - Prof. Jorge Melchiades;https://www.youtube.com/watch?v=S84GQMwlnsc;2309
Curso de Psicologia Racional por Conceitos;O Eu e o Condicionamento Operante - Curso  de Psicologia Racional - Prof. Jorge Melchiades;https://www.youtube.com/watch?v=SG1GlnibhzU;2436
Curso de Psicologia Racional por Conceitos;Jesus existiu? - Curso  de Psicologia Racional - Prof. Jorge Melchiades;https://www.youtube.com/watch?v=eptoF4IZmJw;2331
Curso de Psicologia Racional por Conceitos;DEFESAS DA PERSONALIDADE no tema JESUS EXISTIU? - Prof. Jorge Melchiades;https://www.youtube.com/watch?v=uzqxdqKpBXk;2537
Curso de Psicologia Racional por Conceitos;JESUS SÓ EXISTIU NA CABEÇA DOS CRENTES?  - Curso de Psicologia Racional - Prof. Jorge Melchiades;https://www.youtube.com/watch?v=0ncDJXOE2p8;2327
Curso de Psicologia Racional por Conceitos;TODO CRENTE SABE SE JESUS EXISTIU OU NÃO - Curso de Psicologia Racional - Prof. Jorge Melchiades;https://www.youtube.com/watch?v=LlrsomZMKek;2382
Curso de Psicologia Racional por Conceitos;Onde Procurar Jesus? -- Curso de Psicologia Racional - Prof. Jorge Melchiades;https://www.youtube.com/watch?v=6mnC-ASYn1c;2506
Curso de Psicologia Racional por Conceitos;O Crente que é Racional -- Curso de Psicologia Racional - Prof. Jorge Melchiades;https://www.youtube.com/watch?v=0exXaZbPAqc;2514
Curso de Psicologia Racional por Conceitos;A Ambivalente Dependência -- Curso de Psicologia Racional - Prof. Jorge Melchiades;https://www.youtube.com/watch?v=pi4yHpS8Lp4;2334
Curso de Psicologia Racional por Conceitos;A Ambivalência -- Curso de Psicologia Racional - Prof. Jorge Melchiades;https://www.youtube.com/watch?v=t_pAsi0LaoU;2499
Curso de Psicologia Racional por Conceitos;O Complexo de Édipo e o Crente Revolucionário- Curso de Psicologia Racional - Prof. Jorge Melchiades;https://www.youtube.com/watch?v=uqH5x1haqqc;2358
Curso de Psicologia Racional por Conceitos;Jesus é Deus??? - Curso de Psicologia Racional - Prof. Jorge Melchiades;https://www.youtube.com/watch?v=nN0H1mmiYfQ;2287
Curso de Psicologia Racional por Conceitos;Religiosidade e Poder - Curso de Psicologia Racional - Prof. Jorge Melchiades;https://www.youtube.com/watch?v=x8L2a45lrwU;2335
Curso de Psicologia Racional por Conceitos;Religiosidade e Religião - Curso de Psicologia Racional - Prof. Jorge Melchiades;https://www.youtube.com/watch?v=Vax9bGSJWho;2395
Curso de Psicologia Racional por Conceitos;Nós, Religiosidade, Política e Ciência -Curso de Psicologia Racional - Prof. Jorge Melchiades;https://www.youtube.com/watch?v=AOULMagV-jk;2477
Curso de Psicologia Racional por Conceitos;Compensação,  Política e Consciência -Curso de Psicologia Racional - Prof. Jorge Melchiades;https://www.youtube.com/watch?v=wPqt1PLsSXc;2590
Curso de Psicologia Racional por Conceitos;Jesus Homem e Verdade  -Curso de Psicologia Racional - Prof. Jorge Melchiades;https://www.youtube.com/watch?v=TPRATbFElCk;2286
Curso de Psicologia Racional por Conceitos;Os ignorantes de si, o ódio e Jesus  - Curso de Psicologia Racional - Prof. Jorge Melchiades;https://www.youtube.com/watch?v=e2G3c9Bzky4;2181
Curso de Psicologia Racional por Conceitos;Jesus, um refém do poder ideológico  - Curso de Psicologia Racional - Prof. Jorge Melchiades;https://www.youtube.com/watch?v=49sxEW9YyCE;2238
Curso de Psicologia Racional por Conceitos;A Vida Falsa de Jesus  - Curso de Psicologia Racional - Prof. Jorge Melchiades;https://www.youtube.com/watch?v=NaOxDblmeak;2535
Curso de Psicologia Racional por Conceitos;O alienado de Jesus não crê nele - Curso de Psicologia Racional - Prof. Jorge Melchiades;https://www.youtube.com/watch?v=iBFMdRqWNSg;2634
Curso de Psicologia Racional por Conceitos;O sistema inteligente de Jesus  - Curso de Psicologia Racional - Prof. Jorge Melchiades;https://www.youtube.com/watch?v=xufd4kwWRyE;2356
Curso de Psicologia Racional por Conceitos;O que tanto tenta os crentes no deserto das  aflições? - Curso de Psicologia Racional - Prof. Jorge;https://www.youtube.com/watch?v=9HAu6s_pjz4;2360
Curso de Psicologia Racional por Conceitos;Foi o diabo metafísico que tentou Jesus no deserto?  - Curso de Psicologia Racional - Prof. Jorge;https://www.youtube.com/watch?v=1bPY03ueLMo;2328
Curso de Psicologia Racional por Conceitos;Quem vence a luta metafísica entre diabo e espírito?  - Curso de Psicologia Racional - Prof. Jorge;https://www.youtube.com/watch?v=JgWKvGSoaOM;2493
Curso de Psicologia Racional por Conceitos;Foi Deus que criou o diabo e o espírito?  - Curso de Psicologia Racional - Prof. Jorge;https://www.youtube.com/watch?v=bRFOSVkCP9Y;2474
Curso de Psicologia Racional por Conceitos;Que espírito ou diabo manda em Jesus?  - Curso de Psicologia Racional - Prof. Jorge;https://www.youtube.com/watch?v=eA4maqBuAQE;2660
Curso de Psicologia Racional por Conceitos;COMO É O HOMEM JESUS?    - Curso de Psicologia Racional - Prof. Jorge;https://www.youtube.com/watch?v=R1zr7kdED7w;2466
Curso de Psicologia Racional por Conceitos;Como você percebe a existência de Jesus?    - Curso de Psicologia Racional - Prof. Jorge;https://www.youtube.com/watch?v=WlC_relYgkc;2278
Curso de Psicologia Racional por Conceitos;Como Mateus percebeu Jesus?    - Curso de Psicologia Racional - Prof. Jorge;https://www.youtube.com/watch?v=yT-0nLPZHbM;2403
Curso de Psicologia Racional por Conceitos;No Sonho de Mateus com Jesus - Curso de Psicologia Racional - Prof. Jorge Melchiades;https://www.youtube.com/watch?v=KCq-50yN9iY;2582
Curso de Psicologia Racional por Conceitos;A Comunhão com Jesus - Curso de Psicologia Racional - Prof. Jorge Melchiades;https://www.youtube.com/watch?v=QreZJvQQN3w;2318
Curso de Psicologia Racional por Conceitos;Jesus não come o pão que o diabo amassou - Curso de Psicologia Racional - Prof. Jorge Melchiades;https://www.youtube.com/watch?v=0qjuJ6szuhA;2597
Curso de Psicologia Racional por Conceitos;O diabo usa poder político para o bem? - Curso de Psicologia Racional - Prof. Jorge Melchiades;https://www.youtube.com/watch?v=vWrZN7BaxVE;2574
Curso de Psicologia Racional por Conceitos;Jesus frente ao mal e ao bem safado - Curso de Psicologia Racional - Prof. Jorge Melchiades;https://www.youtube.com/watch?v=1HPzkkISl1Y;2843
Curso de Psicologia Racional por Conceitos;Jesus errou também? - Curso de Psicologia Racional - Prof. Jorge Melchiades;https://www.youtube.com/watch?v=qv_mOXAraWI;2388
Curso de Psicologia Racional por Conceitos;Jesus era crente que sabia tudo? - Curso de Psicologia Racional - Prof. Jorge Melchiades;https://www.youtube.com/watch?v=xsmN_IB_gXs;2726
Curso de Psicologia Racional por Conceitos;A boa nova de Jesus é ética? - Curso de Psicologia Racional - Prof. Jorge Melchiades;https://www.youtube.com/watch?v=1kh_sw6z3zg;2778
Curso de Psicologia Racional por Conceitos;Jesus foi crucificado por divulgar fake news? - Curso de Psicologia Racional- Prof. Jorge Melchiades;https://www.youtube.com/watch?v=kKJLnu-tsDM;2577
Curso de Psicologia Racional por Conceitos;A verdade de Jesus ao Pilatos de hoje - Curso de Psicologia Racional- Prof. Jorge Melchiades;https://www.youtube.com/watch?v=EdHTgehsma0;2667
Curso de Psicologia Racional por Conceitos;JESUS DEFENDIA QUAL VERDADE? - Curso de Psicologia Racional- Prof. Jorge Melchiades;https://www.youtube.com/watch?v=9jGm_cVdBH8;2719
Curso de Psicologia Racional por Conceitos;Sobre Jesus Homem e Deus - Prof. Jorge Melchiades;https://www.youtube.com/watch?v=rHDEIX8q1BI;2340
Curso de Psicologia Racional por Conceitos;SOBRE JESUS HOMEM E DEUS  2 - Curso de Psicologia Racional- Prof. Jorge Melchiades;https://www.youtube.com/watch?v=SPv1mFgomFw;2580
Curso de Psicologia Racional por Conceitos;A CULPA DE NÃO SER COMO JESUS - Curso de Psicologia Racional- Prof. Jorge Melchiades;https://www.youtube.com/watch?v=Oqm5Mwk2qjM;2493
Curso de Psicologia Racional por Conceitos;O FINALISMO DE JESUS - Curso de Psicologia Racional- Prof. Jorge Melchiades;https://www.youtube.com/watch?v=DfRZA-H_p70;2587
Curso de Psicologia Racional por Conceitos;Jesus é Deus mesmo?  - Curso de Psicologia Racional- Prof. Jorge Melchiades;https://www.youtube.com/watch?v=7tKE5HpaSDY;2562
Curso de Psicologia Racional por Conceitos;Jesus foi de sistema?  - Curso de Psicologia Racional- Prof. Jorge Melchiades;https://www.youtube.com/watch?v=7E4Sn4h1NYk;2478
Curso de Psicologia Racional por Conceitos;JESUS E O CABEÇA DE PULA-PULA   - Curso de Psicologia Racional- Prof. Jorge Melchiades;https://www.youtube.com/watch?v=qwfFtKJe33o;2701
Curso de Psicologia Racional por Conceitos;JESUS E OS SINAIS   - Curso de Psicologia Racional- Prof. Jorge Melchiades;https://www.youtube.com/watch?v=8u1_I1dVk5c;2372
Curso de Psicologia Racional por Conceitos;Jesus, Verdade e Milagres   - Curso de Psicologia Racional- Prof. Jorge Melchiades;https://www.youtube.com/watch?v=fYnqeLRx2A4;2656
Curso de Psicologia Racional por Conceitos;Jesus e o crente que é cavalo   - Curso de Psicologia Racional- Prof. Jorge Melchiades;https://www.youtube.com/watch?v=2qAh-YATImo;2537
Curso de Psicologia Racional por Conceitos;Direito de Expressão, Eu, Nós e Jesus   - Curso de Psicologia Racional- Prof. Jorge Melchiades;https://www.youtube.com/watch?v=r5CoVgJWb6g;2711
Curso de Psicologia Racional por Conceitos;MAIS PROVAS DE QUE A MORTE É UMA MENTIRA   -  Psicologia Racional- Prof. Jorge Melchiades;https://www.youtube.com/watch?v=vduwdCitJbE;2559
Curso de Psicologia Racional por Conceitos;Jesus ainda está proibido da livre expressão?    -   Psicologia Racional- Prof. Jorge Melchiades;https://www.youtube.com/watch?v=YG_SdaGfQXw;2387
Curso de Psicologia Racional por Conceitos;Jesus e a Alma Penada    -   Psicologia Racional- Prof. Jorge Melchiades;https://www.youtube.com/watch?v=LkgSnjGgfyY;2384
Curso de Psicologia Racional por Conceitos;Alma, Fantasma,  Jesus e Nós    -   Psicologia Racional- Prof. Jorge Melchiades;https://www.youtube.com/watch?v=bMBJbG2qqVo;2697
Curso de Psicologia Racional por Conceitos;Alma, Justiça e Jesus    -   Psicologia Racional- Prof. Jorge Melchiades;https://www.youtube.com/watch?v=GFQ7rK3LeuQ;2766
Curso de Psicologia Racional por Conceitos;Jesus hipnotizou os discípulos?      -   Psicologia Racional- Prof. Jorge Melchiades;https://www.youtube.com/watch?v=pu0LJ4dvdL0;2641
Curso de Psicologia Racional por Conceitos;Freud, Jesus e o fantasma      -   Psicologia Racional- Prof. Jorge Melchiades;https://www.youtube.com/watch?v=t7EkW6ab75o;2817
Curso de Psicologia Racional por Conceitos;Grupo comenta OS DOIS PRIMEIROS PRINCÍPIOS      -   Psicologia Racional- Prof. Jorge Melchiades;https://www.youtube.com/watch?v=oE0i6kvCeQs;3930
Curso de Psicologia Racional por Conceitos;Jesus e o fantasma de Hamlet      -   Psicologia Racional- Prof. Jorge Melchiades;https://www.youtube.com/watch?v=CX7J_tH8TU0;2528
Curso de Psicologia Racional por Conceitos;Jesus foi Malandro?   -   Psicologia Racional- Prof. Jorge Melchiades;https://www.youtube.com/watch?v=dDsoP02w0KM;2963
Curso de Psicologia Racional por Conceitos;Os dois primeiros princípios   -   Psicologia Racional- Prof. Jorge Melchiades;https://www.youtube.com/watch?v=P-_TFl9P_hw;5431
Curso de Psicologia Racional por Conceitos;A PROVA DA EXISTÊNCIA DE JESUS   -   Psicologia Racional- Prof. Jorge Melchiades;https://www.youtube.com/watch?v=4xaboGLJgys;2695
Curso de Psicologia Racional por Conceitos;Grupo comenta A EXPERIÊNCIA DE EVOLUIR   -   Psicologia Racional- Prof. Jorge Melchiades;https://www.youtube.com/watch?v=-Zs3661hth0;4151
Curso de Psicologia Racional por Conceitos;[Private video];https://www.youtube.com/watch?v=N_fxS_KdjAI;
Curso de Psicologia Racional por Conceitos;JESUS FOI UM CORDEIRO ARMADO? - Curso de Psicologia Racional -  Prof. Jorge Melchiades;https://www.youtube.com/watch?v=rKmMZPV_aE4;2460
Curso de Psicologia Racional por Conceitos;[Private video];https://www.youtube.com/watch?v=4idKPqix5Pg;
Curso de Psicologia Racional por Conceitos;Grupo comenta  aula 4 do curso de Psicologia Racional -  Prof. Jorge Melchiades;https://www.youtube.com/watch?v=-zPCgZcWZPM;3288
Curso de Psicologia Racional por Conceitos;A ÉTICA DO JESUS ARMADO - Curso de Psicologia Racional -  Prof. Jorge Melchiades;https://www.youtube.com/watch?v=ZRVoXfP6Fmc;2599
Curso de Psicologia Racional por Conceitos;Grupo comenta  aula 5 do curso de Psicologia Racional -  Prof. Jorge Melchiades;https://www.youtube.com/watch?v=hzaRE1-18rA;2839
Curso de Psicologia Racional por Conceitos;Grupo comenta  aula 6 do curso de Psicologia Racional -  Prof. Jorge Melchiades;https://www.youtube.com/watch?v=VcIcscLrrHY;3463
Curso de Psicologia Racional por Conceitos;O Mentiroso, Jesus e a Justiça   -   Psicologia Racional- Prof. Jorge Melchiades;https://www.youtube.com/watch?v=BwqMXbrtKko;2586
Curso de Psicologia Racional por Conceitos;Otário Acredita no Mentiroso, Jesus Não!    -   Psicologia Racional- Prof. Jorge Melchiades;https://www.youtube.com/watch?v=tt8bUG9K6DA;2471
Curso de Psicologia Racional por Conceitos;Grupo comenta  aula 7 do curso de Psicologia Racional -  Prof. Jorge Melchiades;https://www.youtube.com/watch?v=p6JSbCgUVBU;3274
Curso de Psicologia Racional por Conceitos;PLATÃO E JESUS NÃO FORAM OTÁRIOS!    -   Psicologia Racional- Prof. Jorge Melchiades;https://www.youtube.com/watch?v=Mg0yRb8r6rc;2701
Curso de Psicologia Racional por Conceitos;Grupo comenta  TIPOS DE CONHECIMENTO - aula 8 - Psicologia Racional -  Prof. Jorge Melchiades;https://www.youtube.com/watch?v=ENYXXhPD4Us;3634
Curso de Psicologia Racional por Conceitos;Jesus, Platão, a verdade e o otário    -   Psicologia Racional- Prof. Jorge Melchiades;https://www.youtube.com/watch?v=75l4W35WBsY;2658
Curso de Psicologia Racional por Conceitos;Jesus, Platão, Verdade e Justiça    -   Psicologia Racional- Prof. Jorge Melchiades;https://www.youtube.com/watch?v=KA1sH-3i71c;2660
Curso de Psicologia Racional por Conceitos;PLATÃO, JESUS E A TRAIÇÃO    -   Psicologia Racional- Prof. Jorge Melchiades;https://www.youtube.com/watch?v=yk8NmHifMJ0;2662
Curso de Psicologia Racional por Conceitos;PLATÃO, JESUS E O MUNDO DAS IDEIAS     -   Psicologia Racional- Prof. Jorge Melchiades;https://www.youtube.com/watch?v=Qa9wCkno1ag;2769
Curso de Psicologia Racional por Conceitos;PLATÃO, JESUS E PRECONCEITO     -   Psicologia Racional- Prof. Jorge Melchiades;https://www.youtube.com/watch?v=q3UbvRi-lpI;2778
Curso de Psicologia Racional por Conceitos;Grupo comenta  MOTIVAÇÃO - aula 9 - Psicologia Racional -  Prof. Jorge Melchiades;https://www.youtube.com/watch?v=yabBeXvIdAc;1583
Diversos;Freud e Id, Ego e Superego - Palestra do Prof. Jorge Melchíades Carvalho Filho;https://www.youtube.com/watch?v=Lx7y4emORko;602
Diversos;Catarse, Freud, Breuer e Hipnose;https://www.youtube.com/watch?v=E6KvNzFp42s;481
Diversos;Histeria, Freud e Catarse - Palestra do Prof. Jorge Melchiades Carvalho Filho;https://www.youtube.com/watch?v=MYWNxEWJXFI;522
Diversos;Filosofia, Psicologia e Mentira -1/4 - Palestra de Psicologia Racional - Prof. Jorge Melchiades;https://www.youtube.com/watch?v=wvDQvt61AdA;575
Diversos;Conhecendo a si mesmo 1/5 - Prof. Jorge Melchiades Carvalho Filho;https://www.youtube.com/watch?v=6SUnsbHkgdM;591
Diversos;Freud, Instinto e Fase Oral - Prof. Jorge Melchiades Carvalho Filho;https://www.youtube.com/watch?v=JVNMP7k4-QI;818
Diversos;Aristóteles, Freud e Catarse - Palestra do Prof. Jorge Melchiades Carvalho Filho;https://www.youtube.com/watch?v=f3ejajL6CE4;503
Diversos;Capoeira - documento raro de 1970;https://www.youtube.com/watch?v=mnWvWSPKmTQ;2575
Diversos;Ouvindo-te - Coral Nupep em Som Maior - IV Canta Inverno de Vinhedo;https://www.youtube.com/watch?v=_xnLC0F-yDc;616
Diversos;Filosofia, Psicologia e Verdade 1/6 - Prof. Jorge Melchiades;https://www.youtube.com/watch?v=b4n16T6EdBM;586
Diversos;Hipnose, Freud e Catarse - Palestra do Prof. Jorge Melchiades Carvalho Filho;https://www.youtube.com/watch?v=5BKvRUFN4ss;626
Diversos;Freud, Complexo de Édipo e regressão na autocracia - Prof. Jorge Melchiades Carvalho Filho;https://www.youtube.com/watch?v=TNiKIhbiXg8;3171
Diversos;I'll Be There - Michael Jackson - Coral Nupep em Som Maior - IV Canta Inverno de Vinhedo;https://www.youtube.com/watch?v=1nl-Wp4aKfw;265
Diversos;01 - Te recuerdo, Amanda - [Coral NUPEP em Som Maior] [IV ENACOPI];https://www.youtube.com/watch?v=hZru-N7-8aY;223
Diversos;Ciranda da Rosa Vermelha - NUPEP em Som Maior;https://www.youtube.com/watch?v=EthtGZnbcMg;154
Diversos;Filosofia, Semiótica e Poder 1/5 - Prof. Jorge Melchiades Carvalho Filho;https://www.youtube.com/watch?v=hSPmQNAyzWc;601
Diversos;Dalizio Moura como Elvis Presley e Coral Nupep em Som Maior no Show Terapia;https://www.youtube.com/watch?v=E1-hOrQVwBM;823
Diversos;Por una cabeza - Coral do NUPEP - 3º Canta Inverno - Vinhedo;https://www.youtube.com/watch?v=iH-bI184LfM;298
Diversos;Filosofia, Psicologia e Mentira - 2/4 -  Palestra de Psicologia Racional - Prof. Jorge Melchiades;https://www.youtube.com/watch?v=lqi91f5erHE;598
Diversos;My Way - Coral Nupep em Som Maior - VI Canta Inverno Vinhedo;https://www.youtube.com/watch?v=fysdPuQULCo;306
Diversos;1 - Quem sou? - Prof. Jorge Melchiades Carvalho Filho;https://www.youtube.com/watch?v=mR3rWq09wmo;3417
Diversos;Filosofia, Psicologia e Mentira -3/4 - Palestra de Psicologia Racional - Prof Jorge Melchiades;https://www.youtube.com/watch?v=_VJPLK8wXXs;599
Diversos;Conhecendo a si mesmo 2/5 - Palestra do Prof. Jorge Melchiades;https://www.youtube.com/watch?v=4AJ3rq3NC5s;540
Diversos;Filosofia, Semiótica e Poder 3/5 - Prof. Jorge Melchiades Carvalho Filho;https://www.youtube.com/watch?v=MHq52DQpQbc;598
Diversos;Conhecimento Vulgar - Prof. Jorge Melchiades Carvalho Filho;https://www.youtube.com/watch?v=7ItIEvD7Y6c;1705
Diversos;04 - O Trem de Teresina - [Coral NUPEP em Som Maior] [IV ENACOPI];https://www.youtube.com/watch?v=puLxqte8O2c;279
Diversos;Onde Procurar Jesus? -- Curso de Psicologia Racional - Prof. Jorge Melchiades;https://www.youtube.com/watch?v=6mnC-ASYn1c;2506
Diversos;O Complexo de Édipo e o Crente Revolucionário- Curso de Psicologia Racional - Prof. Jorge Melchiades;https://www.youtube.com/watch?v=uqH5x1haqqc;2358
Diversos;Funiculi Funicula - ENACOPI V - Coral NUPEP em Som Maior;https://www.youtube.com/watch?v=P4fmY9CQ_1E;191
Diversos;Religiosidade e Poder - Curso de Psicologia Racional - Prof. Jorge Melchiades;https://www.youtube.com/watch?v=x8L2a45lrwU;2335
Diversos;A Ambivalência -- Curso de Psicologia Racional - Prof. Jorge Melchiades;https://www.youtube.com/watch?v=t_pAsi0LaoU;2499
Diversos;Nós, Religiosidade, Política e Ciência -Curso de Psicologia Racional - Prof. Jorge Melchiades;https://www.youtube.com/watch?v=AOULMagV-jk;2477
Diversos;A Ambivalente Dependência -- Curso de Psicologia Racional - Prof. Jorge Melchiades;https://www.youtube.com/watch?v=pi4yHpS8Lp4;2334
Diversos;Liderança 1 e Consciência - Palestra de Psicologia do Prof. Jorge Melchiades Carvalho Filho;https://www.youtube.com/watch?v=2Ol-DcEhsRg;644
Diversos;TODO CRENTE SABE SE JESUS EXISTIU OU NÃO - Curso de Psicologia Racional - Prof. Jorge Melchiades;https://www.youtube.com/watch?v=LlrsomZMKek;2382
Diversos;Jesus Homem e Verdade  -Curso de Psicologia Racional - Prof. Jorge Melchiades;https://www.youtube.com/watch?v=TPRATbFElCk;2286
Diversos;Jesus é Deus??? - Curso de Psicologia Racional - Prof. Jorge Melchiades;https://www.youtube.com/watch?v=nN0H1mmiYfQ;2287
Diversos;JESUS SÓ EXISTIU NA CABEÇA DOS CRENTES?  - Curso de Psicologia Racional - Prof. Jorge Melchiades;https://www.youtube.com/watch?v=0ncDJXOE2p8;2327
Diversos;Os ignorantes de si, o ódio e Jesus  - Curso de Psicologia Racional - Prof. Jorge Melchiades;https://www.youtube.com/watch?v=e2G3c9Bzky4;2181
Diversos;A Vida Falsa de Jesus  - Curso de Psicologia Racional - Prof. Jorge Melchiades;https://www.youtube.com/watch?v=NaOxDblmeak;2535
Diversos;DEFESAS DA PERSONALIDADE no tema JESUS EXISTIU? - Prof. Jorge Melchiades;https://www.youtube.com/watch?v=uzqxdqKpBXk;2537
Diversos;O Crente que é Racional -- Curso de Psicologia Racional - Prof. Jorge Melchiades;https://www.youtube.com/watch?v=0exXaZbPAqc;2514
Diversos;Frigidez Sexual e Trauma - Prof. Jorge Melchiades Carvalho Filho;https://www.youtube.com/watch?v=zMO8JZ1YG9c;1346
Diversos;SOBRE JESUS HOMEM E DEUS  2 - Curso de Psicologia Racional- Prof. Jorge Melchiades;https://www.youtube.com/watch?v=SPv1mFgomFw;2580
Diversos;Filosofia, Semiótica e Poder 2/5 - Prof. Jorge Melchiades Carvalho Filho;https://www.youtube.com/watch?v=p00lsUV0GvM;600
Diversos;Religiosidade e Religião - Curso de Psicologia Racional - Prof. Jorge Melchiades;https://www.youtube.com/watch?v=Vax9bGSJWho;2395
Diversos;Al di la - 2º Canta Inverno Vinhedo - NUPEP;https://www.youtube.com/watch?v=98OsTaXuVms;290
Diversos;Sobre Jesus Homem e Deus - Prof. Jorge Melchiades;https://www.youtube.com/watch?v=rHDEIX8q1BI;2340
Diversos;JESUS DEFENDIA QUAL VERDADE? - Curso de Psicologia Racional- Prof. Jorge Melchiades;https://www.youtube.com/watch?v=9jGm_cVdBH8;2719
Diversos;Conhecendo a si mesmo 5/5 -  Prof. Jorge Melchiades  - Psicologia Racional;https://www.youtube.com/watch?v=9Ht85lOPyHw;315
Diversos;Te Quiero - NUPEP em Som Maior;https://www.youtube.com/watch?v=Gk3TFBsA6eM;396
Diversos;Freud, libido, prazer e personalidade - prof. Jorge Melchiades Carvalho Filho;https://www.youtube.com/watch?v=k9jNEDRLjyU;3027
Diversos;Jesus, um refém do poder ideológico  - Curso de Psicologia Racional - Prof. Jorge Melchiades;https://www.youtube.com/watch?v=49sxEW9YyCE;2238
Diversos;A verdade de Jesus ao Pilatos de hoje - Curso de Psicologia Racional- Prof. Jorge Melchiades;https://www.youtube.com/watch?v=EdHTgehsma0;2667
Diversos;Jesus foi crucificado por divulgar fake news? - Curso de Psicologia Racional- Prof. Jorge Melchiades;https://www.youtube.com/watch?v=kKJLnu-tsDM;2577
Diversos;Pinga com Limao - NUPEP em Som Maior;https://www.youtube.com/watch?v=kLnwLy9mVBI;184
Diversos;Conhecendo a si mesmo 3/5 - Prof. Jorge Melchiades Carvalho Filho;https://www.youtube.com/watch?v=-yKJsxpPDQw;556
Diversos;Cristo Nasceu - NUPEP em Som Maior;https://www.youtube.com/watch?v=Xecjqs0GJlM;151
Diversos;Filosofia, Psicologia e Mentira -4/4 - Palestra de Psicologia Racional - Prof. Jorge Melchiades;https://www.youtube.com/watch?v=vgO6b-lR8Oc;601
Diversos;Filosofia, Psicologia e Verdade 2/6 - Prof. Jorge Melchiades Carvalho Filho;https://www.youtube.com/watch?v=apZzLQP_5RM;598
Diversos;Jesu Rex Admirabilis - NUPEP em Som Maior;https://www.youtube.com/watch?v=CzOEThAoZFM;245
Diversos;2 - O Valor que me dou - Prof. Jorge Melchiades Carvalho Filho;https://www.youtube.com/watch?v=KCRUp33nmaY;3259
Diversos;Autogestão e Razão 1 - Prof. Jorge Melchiades Carvalho Filho;https://www.youtube.com/watch?v=WAJmZI8HvSE;620
Diversos;Nietzsche 1 - Sob Suspeita - Prof. Jorge Melchiades Carvalho Filho;https://www.youtube.com/watch?v=FJj9ymyZvIc;3372
Diversos;Conhecendo a si mesmo 4/5 - Prof. Jorge Melchiades Carvalho F.;https://www.youtube.com/watch?v=Bs_fPZMYOj0;576
Diversos;Pinga com Limão [Coral NUPEP em Som Maior];https://www.youtube.com/watch?v=xsSGJTcyZPA;107
Diversos;Berimbau - NUPEP em Som Maior;https://www.youtube.com/watch?v=nw8Xhc1yi_o;180
Diversos;Mentira, Linguagem e Poder- Prof. Jorge Melchiades Carvalho Filho;https://www.youtube.com/watch?v=oQ_e3VdAzSE;2941
Diversos;Deus e o Idiota - Aula Prof. Jorge Melchiades Carvalho Filho;https://www.youtube.com/watch?v=bG1M5ibrHRY;2575
Diversos;Filosofia, Semiótica e Poder 5/5 - Prof. Jorge Melchiades Carvalho Filho;https://www.youtube.com/watch?v=EYtW8PYqPMw;600
Diversos;"02 - Sancho Panza de ""Três Epitáfios"" - [Coral NUPEP em Som Maior] [IV ENACOPI]";https://www.youtube.com/watch?v=CSPYYSxMVAw;189
Diversos;Uno [Coral NUPEP em Som Maior];https://www.youtube.com/watch?v=CgiHjMed-ag;310
Diversos;Nossa Posição na Existência - Prof. Jorge Melchiades;https://www.youtube.com/watch?v=q4M0y0pYGGc;3048
Diversos;A Alienação Ideológica da Razão - Prof. Jorge Melchiades;https://www.youtube.com/watch?v=p2BOM2EO2pM;3052
Diversos;Como lidar com o mal-intencionado - Prof. Jorge Melchiades;https://www.youtube.com/watch?v=NCAMDqd0rQ8;3074
Diversos;Memória Desgraçada - Como Somos 26 - Prof. Jorge Melchiades;https://www.youtube.com/watch?v=wWmSMBkVRDI;2703
Diversos;FREUD e a Nossa Posição - Prof. Jorge Melchiades;https://www.youtube.com/watch?v=inrrr3pQT1I;3015
Diversos;Tirando EU das trevas da inconsciência - Como Somos 27 - Prof. Jorge Melchiades;https://www.youtube.com/watch?v=40tPfHzPlVM;2924
Diversos;"""VERDADE? QUE HORROR!"" - Como Somos 28 - Prof. Jorge Melchiades";https://www.youtube.com/watch?v=1hE-oJtSfeE;3058
Diversos;Cristão Marxista, Pode? - Prof. Jorge Melchiades;https://www.youtube.com/watch?v=a_6icD2SOzA;2629
Diversos;CONSCIÊNCIA - A Luz que Deflora Trevas - Prof. Jorge Melchiades;https://www.youtube.com/watch?v=Z_4_Fz9m64Y;3155
Ética - Refletindo sobre a Vida Boa;Ética 1 - O Problema Ético -  Prof. Jorge Melchiades Carvalho Filho;https://www.youtube.com/watch?v=N2uOAWzvQk4;3502
Ética - Refletindo sobre a Vida Boa;Cristão Marxista, Pode? - Prof. Jorge Melchiades;https://www.youtube.com/watch?v=a_6icD2SOzA;2629
Filosofia, Psicologia e Mentira;Filosofia, Psicologia e Mentira -4/4 - Palestra de Psicologia Racional - Prof. Jorge Melchiades;https://www.youtube.com/watch?v=vgO6b-lR8Oc;601
Filosofia, Psicologia e Mentira;Filosofia, Psicologia e Mentira -3/4 - Palestra de Psicologia Racional - Prof Jorge Melchiades;https://www.youtube.com/watch?v=_VJPLK8wXXs;599
Filosofia, Psicologia e Mentira;Filosofia, Psicologia e Mentira - 2/4 -  Palestra de Psicologia Racional - Prof. Jorge Melchiades;https://www.youtube.com/watch?v=lqi91f5erHE;598
Filosofia, Psicologia e Mentira;Filosofia, Psicologia e Mentira -1/4 - Palestra de Psicologia Racional - Prof. Jorge Melchiades;https://www.youtube.com/watch?v=wvDQvt61AdA;575
Filosofia, Semiótica e Poder;Filosofia, Semiótica e Poder 5/5 - Prof. Jorge Melchiades Carvalho Filho;https://www.youtube.com/watch?v=EYtW8PYqPMw;600
Filosofia, Semiótica e Poder;Filosofia, Semiótica e Poder 4/5 - Prof. Jorge Melchiades Carvalho Filho;https://www.youtube.com/watch?v=URjiwNOHuRg;600
Filosofia, Semiótica e Poder;Filosofia, Semiótica e Poder 3/5 - Prof. Jorge Melchiades Carvalho Filho;https://www.youtube.com/watch?v=MHq52DQpQbc;598
Filosofia, Semiótica e Poder;Filosofia, Semiótica e Poder 2/5 - Prof. Jorge Melchiades Carvalho Filho;https://www.youtube.com/watch?v=p00lsUV0GvM;600
Filosofia, Semiótica e Poder;Filosofia, Semiótica e Poder 1/5 - Prof. Jorge Melchiades Carvalho Filho;https://www.youtube.com/watch?v=hSPmQNAyzWc;601
Freud pelo Professor Jorge Melchiades;Freud, o Animal Humano e a Metafísica - Prof. Jorge Melchiades;https://www.youtube.com/watch?v=2nQRpm0ClXs;3062
Freud pelo Professor Jorge Melchiades;FREUD e a Nossa Posição - Prof. Jorge Melchiades;https://www.youtube.com/watch?v=inrrr3pQT1I;3015
Freud pelo Professor Jorge Melchiades;Freud, libido, prazer e personalidade - prof. Jorge Melchiades Carvalho Filho;https://www.youtube.com/watch?v=k9jNEDRLjyU;3027
Freud pelo Professor Jorge Melchiades;Freud, Instinto e Fase Oral - Prof. Jorge Melchiades Carvalho Filho;https://www.youtube.com/watch?v=JVNMP7k4-QI;818
Freud pelo Professor Jorge Melchiades;Freud, Complexo de Édipo e regressão na autocracia - Prof. Jorge Melchiades Carvalho Filho;https://www.youtube.com/watch?v=TNiKIhbiXg8;3171
Freud pelo Professor Jorge Melchiades;Catarse, Freud, Breuer e Hipnose;https://www.youtube.com/watch?v=E6KvNzFp42s;481
Freud pelo Professor Jorge Melchiades;Hipnose, Freud e Catarse - Palestra do Prof. Jorge Melchiades Carvalho Filho;https://www.youtube.com/watch?v=5BKvRUFN4ss;626
Freud pelo Professor Jorge Melchiades;Histeria, Freud e Catarse - Palestra do Prof. Jorge Melchiades Carvalho Filho;https://www.youtube.com/watch?v=MYWNxEWJXFI;522
Freud pelo Professor Jorge Melchiades;Aristóteles, Freud e Catarse - Palestra do Prof. Jorge Melchiades Carvalho Filho;https://www.youtube.com/watch?v=f3ejajL6CE4;503
Freud pelo Professor Jorge Melchiades;Freud e Id, Ego e Superego - Palestra do Prof. Jorge Melchíades Carvalho Filho;https://www.youtube.com/watch?v=Lx7y4emORko;602
Grupo Comenta;"Grupo Comenta o Programa : ""Consciência, luz que deflora trevas""";https://www.youtube.com/watch?v=ARIQWMWSrv8;2911
Grupo Comenta;Freud e a Nossa Posição - Grupo Comenta a aula do Professor Jorge Melchiades;https://www.youtube.com/watch?v=YEWMVHTS6K0;2286
Grupo Comenta;"""O Revolucionário Conservador"" - Grupo Comenta o programa do Prof. Jorge Melchiades";https://www.youtube.com/watch?v=mXpsrUXPwTM;2346
Grupo Comenta;Da Mitologia à Esquerda - Grupo Comenta o programa da Série Nossa Posição do Prof. Jorge Melchiades;https://www.youtube.com/watch?v=XaOjIKbuaIg;2300
Grupo Comenta;Nossa Posição na Existência - Grupo Comenta Reflexões do Professor Jorge Melchiades;https://www.youtube.com/watch?v=WOwGehTnsIY;3017
Grupo Comenta;Provas de que a morte é uma mentira - Curso de Psicologia Racional - Prof. Jorge Melchiades;https://www.youtube.com/watch?v=qbYx0u17A4I;5722
Grupo Comenta;Autogestão e Razão - Curso de Psicologia Racional - Prof. Jorge Melchiades;https://www.youtube.com/watch?v=j2cf1FhM5Mc;2905
Grupo Comenta;MAIS PROVAS DE QUE A MORTE É UMA MENTIRA   -  Psicologia Racional- Prof. Jorge Melchiades;https://www.youtube.com/watch?v=vduwdCitJbE;2559
Grupo Comenta;Grupo comenta A EXPERIÊNCIA DE EVOLUIR   -   Psicologia Racional- Prof. Jorge Melchiades;https://www.youtube.com/watch?v=-Zs3661hth0;4151
Grupo Comenta;Os dois primeiros princípios   -   Psicologia Racional- Prof. Jorge Melchiades;https://www.youtube.com/watch?v=P-_TFl9P_hw;5431
Grupo Comenta;Grupo comenta OS DOIS PRIMEIROS PRINCÍPIOS      -   Psicologia Racional- Prof. Jorge Melchiades;https://www.youtube.com/watch?v=oE0i6kvCeQs;3930
Grupo Comenta;Autogestão e Razão 2 - Grupo comenta aula de Psicologia Racional -  Prof. Jorge Melchiades;https://www.youtube.com/watch?v=RJGgPlUmI-U;5128
Grupo Comenta;Grupo comenta  aula 5 do curso de Psicologia Racional -  Prof. Jorge Melchiades;https://www.youtube.com/watch?v=hzaRE1-18rA;2839
Grupo Comenta;Grupo comenta  aula 6 do curso de Psicologia Racional -  Prof. Jorge Melchiades;https://www.youtube.com/watch?v=VcIcscLrrHY;3463
Grupo Comenta;Grupo comenta  aula 7 do curso de Psicologia Racional -  Prof. Jorge Melchiades;https://www.youtube.com/watch?v=p6JSbCgUVBU;3274
Grupo Comenta;Grupo comenta  TIPOS DE CONHECIMENTO - aula 8 - Psicologia Racional -  Prof. Jorge Melchiades;https://www.youtube.com/watch?v=ENYXXhPD4Us;3634
Grupo Comenta;Grupo comenta  MOTIVAÇÃO - aula 9 - Psicologia Racional -  Prof. Jorge Melchiades;https://www.youtube.com/watch?v=yabBeXvIdAc;1583
Mensagens do Amor Distante;Mensagens do Amor Distante 1 - Direção Prof. Jorge Melchiades;https://www.youtube.com/watch?v=K6Aa4WBqdDw;2782
Mensagens do Amor Distante;Mensagens do Amor Distante 2 - Direção Prof. Jorge Melchiades;https://www.youtube.com/watch?v=PoO0fJxjeI0;2512
Nossa Posição - Prof. Jorge Melchiades;Nossa Posição na Existência - Prof. Jorge Melchiades;https://www.youtube.com/watch?v=q4M0y0pYGGc;3048
Nossa Posição - Prof. Jorge Melchiades;CONSCIÊNCIA - A Luz que Deflora Trevas - Prof. Jorge Melchiades;https://www.youtube.com/watch?v=Z_4_Fz9m64Y;3155
Nossa Posição - Prof. Jorge Melchiades;FREUD e a Nossa Posição - Prof. Jorge Melchiades;https://www.youtube.com/watch?v=inrrr3pQT1I;3015
Nossa Posição - Prof. Jorge Melchiades;O Revolucionário Conservador - Prof. Jorge Melchiades;https://www.youtube.com/watch?v=P4wEt3YrQxQ;2369
Nossa Posição - Prof. Jorge Melchiades;"Grupo Comenta o Programa : ""Consciência, luz que deflora trevas""";https://www.youtube.com/watch?v=ARIQWMWSrv8;2911
Nossa Posição - Prof. Jorge Melchiades;Freud e a Nossa Posição - Grupo Comenta a aula do Professor Jorge Melchiades;https://www.youtube.com/watch?v=YEWMVHTS6K0;2286
Nossa Posição - Prof. Jorge Melchiades;"""O Revolucionário Conservador"" - Grupo Comenta o programa do Prof. Jorge Melchiades";https://www.youtube.com/watch?v=mXpsrUXPwTM;2346
Nossa Posição - Prof. Jorge Melchiades;DA MITOLOGIA À ESQUERDA - Prof. Jorge Melchiades;https://www.youtube.com/watch?v=1Va_IzqbJiQ;2766
Nossa Posição - Prof. Jorge Melchiades;Da Mitologia à Esquerda - Grupo Comenta o programa da Série Nossa Posição do Prof. Jorge Melchiades;https://www.youtube.com/watch?v=XaOjIKbuaIg;2300
Nossa Posição - Prof. Jorge Melchiades;Nossa Posição na Existência - Grupo Comenta Reflexões do Professor Jorge Melchiades;https://www.youtube.com/watch?v=WOwGehTnsIY;3017
Os filhos da luta;A ÉTICA E O PARASITA SOCIAL - Psicologia Racional - Prof. Jorge Melchiades;https://www.youtube.com/watch?v=pRy7FSZaQg4;3090
Os filhos da luta;OS FILHOS DA LUTA SEM ÉTICA  - Psicologia Racional -Prof. Jorge Melchiades;https://www.youtube.com/watch?v=1NR9L7LlNJY;3406
Os filhos da luta;A REVOLUÇÃO DO FILHO DA LUTA  - Psicologia Racional - Prof. Jorge Melchiades;https://www.youtube.com/watch?v=cAL6tDgATDs;2014
Os filhos da luta;A REVOLUÇÃO DO FILHO DA LUTA 2  - Psicologia Racional - Prof. Jorge Melchiades;https://www.youtube.com/watch?v=M6QvjLNDLD0;1596
Os filhos da luta;O Desejo do Filho da Luta - Série: Os Filhos da Luta com o Prof. Jorge Melchiades;https://www.youtube.com/watch?v=gVu_bnU1ZOM;1777
Psicologia Racional e Transcendente;A RAZÃO É TERAPÊUTICA - Psicologia Racional e Transcendente 1- Prof. Jorge Melchiades;https://www.youtube.com/watch?v=4K6wYLcGm7c;2736
Psicologia Racional e Transcendente;RAZÃO TERAPÊUTICA E O ANJO MORCEGO - Psicologia Racional e Transcendente 2- Prof. Jorge Melchiades;https://www.youtube.com/watch?v=I-mnmUuH0Sk;2361
Reflexão sobre a Vida;1 - Quem sou? - Prof. Jorge Melchiades Carvalho Filho;https://www.youtube.com/watch?v=mR3rWq09wmo;3417
Reflexão sobre a Vida;2 - O Valor que me dou - Prof. Jorge Melchiades Carvalho Filho;https://www.youtube.com/watch?v=KCRUp33nmaY;3259
Reflexão sobre a Vida;3 - O nome não é a coisa que nomeia - Prof. Jorge Melchiades;https://www.youtube.com/watch?v=pliZu3FB-wo;3481
Reflexão sobre a Vida;4 - Correndo por fora do sagrado - Prof. Jorge Melchiades Carvalho Filho;https://www.youtube.com/watch?v=oS4cNMYncy0;3463
Reflexão sobre a Vida;5 - A morte da bezerra - Prof. Jorge Melchiades Carvalho Filho;https://www.youtube.com/watch?v=OyX26Srilvc;3550
Reflexão sobre a Vida;6 - No Fim da Picada - Prof. Jorge Melchiades Carvalho Filho;https://www.youtube.com/watch?v=JvbK-V2RZHk;3476
Reflexão sobre a Vida;7 - Vivendo a Vida Alienado de Si - Prof. Jorge Melchiades Carvalho Filho;https://www.youtube.com/watch?v=99V9xZx4NH0;3602
Vocabulário da Psicologia Racional;VOCABULÁRIO SIMPLIFICADO DA PSICOLOGIA RACIONAL 1 - Prof. Jorge Melchiades;https://www.youtube.com/watch?v=hkk37OQmoO4;1593
Vocabulário da Psicologia Racional;Vocabulário Simplificado da  Psicologia Racional 2- Prof. Jorge Melchiades;https://www.youtube.com/watch?v=5jt4HgKNBcI;1873
Vocabulário da Psicologia Racional;Vocabulário Simplificado da  Psicologia Racional 3- Prof. Jorge Melchiades;https://www.youtube.com/watch?v=PfWqNjaxeYs;2261
Vocabulário da Psicologia Racional;Vocabulário  da  Psicologia Racional 4- Prof. Jorge Melchiades;https://www.youtube.com/watch?v=XsRWnoXfd_4;2715
Vocabulário da Psicologia Racional;Vocabulário  da  Psicologia Racional 5 - Prof. Jorge Melchiades;https://www.youtube.com/watch?v=R71QNU49AK0;2901
Vocabulário da Psicologia Racional;Vocabulário  da  Psicologia Racional 6 - Associação de ideias  e Verdade -  Prof. Jorge Melchiades;https://www.youtube.com/watch?v=F7acL_thgo4;2674
Vocabulário da Psicologia Racional;Vocabulário  da  Psicologia Racional 7 - Mentiras e Verdades -  Prof. Jorge Melchiades;https://www.youtube.com/watch?v=zmL-ygtP7vQ;3035
Vocabulário da Psicologia Racional;Vocabulário  da  Psicologia Racional 8 - Prof. Jorge Melchiades;https://www.youtube.com/watch?v=uBXrt9OQT6E;3008
Vocabulário da Psicologia Racional;Vocabulário  da  Psicologia Racional 9 - Prof. Jorge Melchiades;https://www.youtube.com/watch?v=P8ZNg5NE4-8;2957
Vocabulário da Psicologia Racional;EMPIRISMO no Vocabulário  10 da  Psicologia Racional - Prof. Jorge Melchiades;https://www.youtube.com/watch?v=Np4Mql53OqM;2717
